G101,G102,G201,G202,B101,B102,B103,B104,B105,B106,B107,B108,B109,B110,B111,B112,B113,B114,B115,B116,B117,B201,B202,B203,B204,B205,B206,B207,B208,B209,B210,B211,B212,B213,B214,B215,B216,B217,B301,B302,B303,B304,B305,B306,B307,B308,B309,B310,B311,B312,B313,B314,B315,B316,B317,B401,B402,B403,B404,B405,B406,B407,B408,B409,B410,B411,B412,B413,B414,B415,B416,B417,F101,F102,F103,F104,F105,F106,F107,F108,F201,F202,F203,F204,F205,F206,F207,F208,F301,F302,F303,F304,F305,F306,F307,F308,F401,F402,F403,F404,F405,F406,F407,F408,E1,E2,E3,E4,S101,S102,S103,S104,S105,S106,S201,S202,S203,S204,S205,S206,S207,S301,S302,S303,S304,S305,S306,S401,S402,S403,S404,S405,T101,T102,T201,T202,T301,T302,T401,T402,G101_replace
0,10,34,41,35,41,27,25,13,15,19,5,13,13,23,23,33,33,43,43,53,54,60,44,59,38,49,50,39,44,37,47,47,57,57,67,67,76,60,79,50,70,44,60,56,63,50,61,71,71,81,81,91,91,99,66,89,56,76,50,66,62,76,56,85,80,95,90,105,100,115,110,46,21,17,31,51,35,15,17,65,38,57,55,75,59,39,51,71,44,64,79,99,83,63,62,77,50,70,88,108,107,87,68,17,34,40,46,45,20,48,5,33,46,64,37,71,29,52,61,57,70,43,94,53,71,53,76,49,115,77,84,48,15,67,55,73,66,79,72,9999999
10,0,44,31,27,50,17,35,3,25,9,15,3,23,27,33,37,43,47,53,57,44,67,34,54,28,44,40,49,34,47,57,57,67,67,77,77,86,50,73,40,60,34,50,46,60,40,71,64,81,74,91,84,101,94,56,79,46,66,40,56,52,66,46,84,70,94,80,104,90,110,100,38,11,17,35,55,45,25,27,55,28,48,65,85,69,49,46,61,34,54,72,92,93,73,52,67,40,60,78,98,106,86,58,7,24,30,36,37,10,58,15,43,45,54,27,81,39,62,51,47,60,33,99,63,68,43,66,39,105,76,74,40,19,57,50,63,56,69,62,10
34,44,0,42,63,50,61,59,47,49,49,39,47,37,47,47,57,57,67,67,76,35,41,25,25,39,15,41,5,45,13,23,23,33,33,43,43,53,62,60,52,59,56,49,65,39,62,37,47,47,57,57,67,67,76,78,79,68,79,62,73,74,63,68,61,92,71,102,81,109,91,99,52,55,41,55,75,59,39,51,46,31,33,31,51,35,15,17,65,56,57,55,75,59,39,51,84,62,82,100,101,83,63,75,51,35,52,58,53,54,71,29,52,45,45,32,48,5,33,28,32,64,55,71,29,52,49,83,61,94,53,71,50,39,48,31,67,55,86,84,34
41,31,42,0,44,56,34,54,28,56,40,46,34,54,58,64,68,74,78,84,88,27,50,17,37,3,27,9,37,3,37,27,47,37,57,47,67,57,44,67,34,54,28,44,40,54,34,68,58,78,68,88,78,90,88,50,73,40,60,34,50,46,60,40,78,64,88,74,98,84,104,94,55,28,48,66,86,76,56,58,38,11,17,35,55,59,39,29,55,28,48,66,86,90,70,46,61,34,54,72,92,100,80,52,24,7,24,30,54,27,85,46,62,51,37,10,62,45,45,34,30,54,27,85,64,62,37,60,33,99,70,68,56,50,40,19,57,50,63,56,41
35,27,63,44,0,23,10,10,24,20,32,30,30,48,50,58,60,68,70,78,80,39,42,47,38,41,48,53,58,47,72,71,82,81,92,91,102,101,58,61,53,64,47,63,59,73,53,87,77,97,87,107,97,117,107,69,80,59,79,53,69,65,79,59,97,83,107,93,117,103,123,113,11,16,40,58,78,70,50,18,30,41,61,79,99,94,74,46,49,47,67,85,105,109,89,65,68,53,73,91,111,119,99,71,20,37,43,49,10,17,83,40,18,18,29,40,106,64,37,35,39,48,46,112,83,56,56,67,52,118,89,75,13,42,32,63,51,69,70,75,35
41,50,50,56,23,0,33,16,47,26,55,36,53,54,64,64,74,74,84,84,94,29,35,39,25,53,35,61,45,59,63,73,73,83,83,93,93,103,56,54,46,54,60,50,68,60,66,78,86,88,96,98,106,108,116,80,73,82,73,76,83,88,93,82,102,106,112,116,122,126,132,136,12,39,58,72,92,76,56,24,33,45,69,81,101,85,65,33,52,52,76,94,114,100,80,52,71,76,96,114,134,124,104,81,43,49,56,72,13,40,89,46,8,5,32,46,98,55,27,22,26,51,53,113,70,46,43,70,75,136,94,65,10,56,35,71,54,78,73,98,41
27,17,61,34,10,33,0,20,14,30,22,32,20,40,40,50,50,60,60,70,70,47,52,37,48,31,47,43,57,37,64,61,74,71,84,81,94,91,53,71,43,63,37,53,49,63,43,77,67,87,77,97,87,107,97,59,82,49,69,43,59,55,69,49,87,73,97,83,107,93,113,103,21,6,30,48,68,62,42,28,40,31,51,69,89,86,66,49,59,37,57,75,95,99,79,55,70,43,63,81,101,109,89,61,10,27,33,39,20,7,75,32,28,28,39,30,96,56,47,45,49,58,36,102,73,66,46,69,42,108,79,77,23,32,42,53,61,59,72,65,27
25,35,59,54,10,16,20,0,34,10,42,20,38,38,48,48,58,58,68,68,78,45,35,55,35,51,45,63,55,57,62,72,72,82,82,92,92,101,64,54,62,54,57,64,69,74,63,86,87,96,97,106,107,116,117,79,73,69,73,63,79,75,89,69,107,93,117,103,127,113,133,123,21,26,42,56,76,60,40,8,40,51,71,80,100,84,64,43,59,57,77,95,115,108,88,62,78,63,83,101,121,129,109,81,30,47,53,59,20,27,73,30,8,21,39,50,96,54,27,38,42,58,56,119,78,46,59,77,62,128,99,65,23,40,42,73,61,79,80,85,25
13,3,47,28,24,47,14,34,0,28,12,18,6,26,30,36,40,46,50,56,60,41,64,31,51,25,41,37,51,31,50,55,60,65,70,75,80,85,47,70,37,57,31,47,43,57,37,71,61,81,71,91,81,101,91,53,76,43,63,37,53,49,63,43,81,67,91,77,101,87,107,97,35,8,20,38,58,48,28,30,52,25,45,63,83,72,52,43,58,31,51,69,89,93,73,49,64,37,57,75,95,103,83,55,4,21,27,33,34,7,61,18,42,42,51,24,84,42,59,48,44,57,30,96,66,65,40,63,36,102,73,71,37,22,54,47,60,53,66,59,13
15,25,49,56,20,26,30,10,28,0,34,10,28,28,38,38,48,48,58,58,68,55,45,59,45,53,55,65,54,59,52,62,62,72,72,82,82,91,74,64,65,64,59,74,71,78,65,76,86,86,96,96,106,106,114,81,83,71,83,65,81,77,91,71,100,95,110,105,120,115,130,125,31,36,32,46,66,50,30,2,50,53,72,70,90,74,54,53,69,59,79,94,114,98,78,72,88,65,85,103,123,122,102,83,32,49,55,61,30,35,63,20,18,31,49,52,86,44,37,48,52,68,58,109,68,56,68,87,64,130,92,75,33,30,52,70,71,81,90,87,15
19,9,49,40,32,55,22,42,12,34,0,24,6,28,18,38,28,48,38,58,48,53,74,43,63,37,53,49,54,43,52,62,62,72,72,82,81,81,59,82,49,69,43,59,55,69,49,76,73,86,83,96,93,104,103,65,88,55,75,49,65,61,75,55,93,79,103,89,113,99,119,109,43,16,8,26,46,50,30,36,62,37,57,70,83,74,54,55,70,43,63,81,101,98,78,61,76,49,69,87,107,115,95,67,16,33,39,45,42,15,53,20,50,50,61,36,76,44,69,60,56,69,42,99,68,77,52,75,48,114,85,83,45,10,64,59,72,65,78,71,19
5,15,39,46,30,36,32,20,18,10,24,0,18,18,28,28,38,38,48,48,58,59,55,49,55,43,54,55,44,49,42,52,52,62,62,72,72,81,65,74,55,74,49,65,61,68,55,66,76,76,86,86,96,96,104,71,93,61,81,55,71,67,81,61,90,85,100,95,110,105,120,115,41,26,22,36,56,40,20,12,60,43,62,60,80,64,44,56,76,49,69,84,104,88,68,67,82,55,75,93,113,112,92,73,22,39,45,51,40,25,53,10,28,41,59,42,76,34,47,58,62,75,48,99,58,66,58,81,54,120,82,85,43,20,62,60,78,71,84,77,5
13,3,47,34,30,53,20,38,6,28,6,18,0,26,24,36,34,46,44,56,54,47,70,37,57,31,47,43,52,37,50,60,60,70,70,80,80,87,53,76,43,63,37,53,49,63,43,74,67,84,77,94,87,104,97,59,82,49,69,43,59,55,69,49,87,73,97,83,107,93,113,103,41,14,14,32,52,48,28,30,58,31,51,68,88,72,52,49,64,37,57,75,95,96,76,55,70,43,63,81,101,109,89,61,10,27,33,39,40,13,59,18,46,48,57,30,82,42,65,54,50,63,36,102,66,71,46,69,42,108,79,77,43,16,60,53,66,59,72,65,13
13,23,37,54,48,54,40,38,26,28,28,18,26,0,26,10,20,20,30,30,40,67,73,57,62,51,52,63,42,57,40,50,50,60,60,70,63,63,73,92,63,83,57,73,69,66,63,64,74,74,84,84,94,86,86,79,102,69,89,63,79,75,89,69,88,93,98,103,108,113,109,109,59,34,20,22,38,22,2,30,78,51,60,58,65,62,42,54,84,57,77,82,88,86,66,75,90,63,83,101,111,110,90,81,30,47,53,59,58,33,35,8,46,59,77,50,58,32,65,65,69,83,56,81,56,84,66,89,62,104,80,97,61,18,80,58,86,79,92,85,13
23,27,47,58,50,64,40,48,30,38,18,28,24,26,0,20,10,30,20,40,30,71,83,61,72,55,62,67,52,61,50,60,60,70,70,73,63,63,77,100,67,87,61,77,73,76,67,74,84,84,94,94,96,86,86,83,106,73,93,67,83,79,93,73,98,97,108,107,118,117,109,109,61,34,10,8,28,32,28,40,80,55,70,68,65,71,52,64,88,61,81,92,88,94,76,79,94,67,87,105,111,117,100,85,34,51,57,63,60,33,35,18,56,68,79,54,58,42,75,75,74,87,60,81,66,94,70,93,66,104,90,101,63,8,82,68,90,83,96,89,23
23,33,47,64,58,64,50,48,36,38,38,28,36,10,20,0,10,10,20,20,30,77,83,67,72,61,62,73,52,67,50,60,60,70,63,63,53,53,83,102,73,93,67,83,79,76,73,74,84,84,94,86,86,76,76,89,112,79,99,73,89,85,99,79,98,103,108,113,109,109,99,99,69,44,30,12,28,12,8,40,88,61,70,68,55,61,52,64,94,67,87,92,78,84,76,85,100,73,93,111,101,107,100,91,40,57,63,69,68,43,25,18,56,69,87,60,48,42,75,75,79,93,66,71,66,94,76,99,72,94,90,107,71,28,90,68,96,89,102,95,23
33,37,57,68,60,74,50,58,40,48,28,38,34,20,10,10,0,20,10,30,20,81,93,71,82,65,72,77,62,71,60,70,70,73,63,63,53,53,87,110,77,97,71,87,83,86,77,84,94,94,96,86,86,76,76,93,116,83,103,77,93,89,103,83,108,107,118,117,109,109,99,99,71,44,20,2,18,22,18,50,90,65,80,75,55,61,62,74,98,71,91,98,78,84,86,89,104,77,97,115,101,107,110,95,44,61,67,73,70,43,25,28,66,78,89,64,48,52,85,85,84,97,70,71,76,104,80,103,76,94,100,111,73,18,92,78,100,93,106,99,33
33,43,57,74,68,74,60,58,46,48,48,38,46,20,30,10,20,0,30,10,20,87,93,77,82,71,72,83,62,77,60,70,63,63,53,53,43,43,93,112,83,103,77,93,89,86,83,84,94,86,86,76,76,66,66,99,122,89,109,83,99,95,109,89,108,113,109,109,99,99,89,89,79,54,40,22,22,2,18,50,98,71,80,65,45,51,62,74,104,77,97,88,68,74,86,95,110,83,103,111,91,97,110,101,50,67,73,79,78,53,15,28,66,79,97,70,38,52,85,85,89,103,76,61,76,104,86,109,82,84,100,117,81,38,100,78,106,99,112,105,33
43,47,67,78,70,84,60,68,50,58,38,48,44,30,20,20,10,30,0,20,10,91,103,81,92,75,82,87,72,81,70,73,63,63,53,53,43,43,97,120,87,107,81,97,93,96,87,94,96,86,86,76,76,66,66,103,126,93,113,87,103,99,113,93,118,117,109,109,99,99,89,89,81,54,30,12,8,28,28,60,100,75,83,65,45,51,71,84,108,81,101,88,68,74,94,99,114,87,107,111,91,97,117,105,54,71,77,83,80,53,15,38,76,88,99,74,38,62,95,95,94,107,80,61,86,114,90,113,86,84,110,121,83,28,102,81,110,103,116,109,43
43,53,67,84,78,84,70,68,56,58,58,48,56,30,40,20,30,10,20,0,10,97,103,87,92,81,82,81,72,87,63,63,53,53,43,43,33,33,103,122,93,113,87,103,99,96,93,86,86,76,76,66,66,56,56,109,132,99,119,93,109,105,119,99,109,109,99,99,89,89,79,79,89,64,50,32,12,8,28,60,108,81,73,55,35,41,61,84,114,87,96,78,58,64,84,105,120,93,113,101,81,87,107,111,60,77,83,89,88,63,5,38,76,89,107,80,28,62,95,95,99,113,86,51,86,114,96,119,92,74,110,127,91,48,110,71,116,94,122,115,43
53,57,76,88,80,94,70,78,60,68,48,58,54,40,30,30,20,20,10,10,0,101,113,91,101,85,91,81,81,87,63,63,53,53,43,43,33,33,107,130,97,117,91,107,103,104,97,86,86,76,76,66,66,56,56,113,136,103,123,97,113,109,123,103,109,109,99,99,89,89,79,79,91,64,40,22,2,18,38,70,110,85,73,55,35,41,61,93,118,91,96,78,58,64,84,109,124,97,117,101,81,87,107,115,64,81,87,93,90,63,5,48,86,98,109,84,28,71,105,104,104,117,90,51,94,124,100,123,96,74,117,131,93,38,112,71,120,94,126,117,53
54,44,35,27,39,29,47,45,41,55,53,59,47,67,71,77,81,87,91,97,101,0,23,10,10,24,20,32,30,30,48,50,58,60,68,70,78,80,33,42,23,37,37,27,45,37,43,55,63,65,73,75,83,85,93,58,61,53,64,47,63,59,73,53,79,77,89,87,99,97,109,107,30,41,61,79,99,89,69,53,11,16,40,58,78,70,50,18,30,29,53,71,91,77,57,29,49,47,67,85,105,101,81,65,37,20,33,43,29,40,102,59,37,24,10,17,83,40,18,7,3,29,30,90,47,37,20,48,46,112,71,56,29,63,13,42,32,55,51,69,54
60,67,41,50,42,35,52,35,64,45,74,55,70,73,83,83,93,93,103,103,113,23,0,33,16,47,26,55,36,53,54,64,64,74,74,84,84,94,42,35,43,35,57,45,65,55,63,73,83,83,93,93,103,103,113,61,54,71,54,70,64,82,74,76,92,100,102,110,112,120,122,130,33,58,77,91,111,95,75,43,12,39,63,72,92,76,56,24,33,49,73,91,111,95,75,43,52,70,90,108,128,114,94,62,60,43,53,66,32,59,108,65,27,36,13,40,89,46,8,19,23,32,50,108,65,27,40,51,69,127,84,46,35,75,10,65,35,75,54,92,60
44,34,25,17,47,39,37,55,31,59,43,49,37,57,61,67,71,77,81,87,91,10,33,0,20,14,10,22,20,20,38,40,48,50,58,60,68,70,43,52,33,47,31,37,43,47,37,62,61,72,71,82,81,92,91,53,71,43,63,37,53,49,63,43,81,67,91,77,101,87,107,97,40,31,51,69,89,79,59,61,21,6,30,48,68,60,40,12,40,31,51,69,89,84,64,39,59,37,57,75,95,103,83,55,27,10,27,33,39,30,92,49,47,34,20,7,73,30,28,17,13,39,30,96,54,47,30,58,36,102,73,66,39,53,23,32,42,53,61,59,44
59,54,25,37,38,25,48,35,51,45,63,55,57,62,72,72,82,82,92,92,101,10,16,20,0,34,10,42,20,40,38,48,48,58,58,68,68,78,37,35,27,35,41,31,49,41,47,59,67,69,77,79,87,89,97,68,54,63,54,57,64,69,74,63,83,87,93,97,103,107,113,117,27,51,66,80,100,84,64,43,21,26,50,56,76,60,40,8,40,33,57,75,95,81,61,33,59,57,77,95,115,105,85,62,47,30,37,53,28,50,96,54,27,20,20,27,73,30,8,3,7,39,34,94,51,27,24,58,56,117,75,46,25,64,23,52,42,59,61,79,59
38,28,39,3,41,53,31,51,25,53,37,43,31,51,55,61,65,71,75,81,85,24,47,14,34,0,24,12,34,6,40,30,50,40,60,50,70,60,41,64,31,51,25,41,37,51,31,65,55,75,65,85,75,93,85,47,70,37,57,31,47,43,57,37,75,61,85,71,95,81,101,91,52,25,45,63,83,73,53,55,35,8,20,38,58,62,42,26,52,25,45,63,83,87,67,43,58,31,51,69,89,97,77,49,21,4,21,27,51,24,86,43,59,48,34,7,65,44,42,31,27,51,24,88,61,59,34,57,30,96,67,65,53,47,37,22,54,47,60,53,38
49,44,15,27,48,35,47,45,41,55,53,54,47,52,62,62,72,72,82,82,91,20,26,10,10,24,0,32,10,30,28,38,38,48,48,58,58,68,47,45,37,45,41,41,53,51,47,52,62,62,72,72,82,82,91,63,64,53,64,47,63,59,73,53,76,77,86,87,96,97,106,107,37,41,56,70,90,74,54,53,31,16,40,46,66,50,30,2,50,41,61,70,90,74,54,43,69,47,67,85,105,98,78,65,37,20,37,43,38,40,86,44,37,30,30,17,63,20,18,13,17,49,40,86,44,37,34,68,46,109,68,56,35,54,33,42,52,63,71,69,49
50,40,41,9,53,61,43,63,37,65,49,55,43,63,67,73,77,83,87,81,81,32,55,22,42,12,32,0,42,6,28,18,38,28,48,38,58,48,53,74,43,63,37,53,49,63,43,68,67,78,77,88,87,81,81,59,82,49,69,43,59,55,69,49,87,73,97,83,107,93,104,103,62,37,57,75,83,85,65,67,43,16,8,26,46,50,30,34,62,37,57,75,83,89,70,55,70,43,63,81,101,109,89,61,33,16,33,39,61,36,76,55,69,56,42,15,53,36,50,39,35,61,36,76,60,69,46,69,42,99,79,77,61,59,45,10,64,59,72,65,50
39,49,5,37,58,45,57,55,51,54,54,44,52,42,52,52,62,62,72,72,81,30,36,20,20,34,10,42,0,40,18,28,28,38,38,48,48,58,57,55,47,55,51,51,63,44,57,42,52,52,62,62,72,72,81,73,74,63,74,57,73,69,68,63,66,87,76,97,86,107,96,104,47,51,46,60,80,64,44,56,41,26,38,36,56,40,20,12,60,51,62,60,80,64,44,53,79,57,77,95,106,88,68,75,47,30,47,53,48,50,76,34,47,40,40,27,53,10,28,23,27,59,50,76,34,47,44,78,56,99,58,66,45,44,43,36,62,60,81,79,39
44,34,45,3,47,59,37,57,31,59,43,49,37,57,61,67,71,77,81,87,87,30,53,20,40,6,30,6,40,0,34,24,44,34,54,44,64,54,47,70,37,57,31,47,43,57,37,71,61,81,71,91,81,87,87,53,76,43,63,37,53,49,63,43,81,67,91,77,101,87,107,97,58,31,51,69,89,79,59,61,41,14,14,32,52,56,36,32,58,31,51,69,89,93,73,49,64,37,57,75,95,103,83,55,27,10,27,33,57,30,82,49,65,54,40,13,59,42,48,37,33,57,30,82,66,65,40,63,36,102,73,71,59,53,43,16,60,53,66,59,44
37,47,13,37,72,63,64,62,50,52,52,42,50,40,50,50,60,60,70,63,63,48,54,38,38,40,28,28,18,34,0,10,10,20,20,30,30,40,72,73,62,62,65,52,68,42,71,40,50,50,60,60,70,63,63,87,92,77,86,71,76,83,66,77,64,101,74,106,84,96,86,86,65,58,44,58,65,62,42,54,59,44,20,18,38,22,2,30,78,65,60,58,65,62,42,54,97,71,91,108,88,86,66,78,54,44,61,67,66,57,58,32,65,58,58,43,35,8,46,41,45,77,64,58,32,65,59,96,70,81,56,84,63,42,61,18,80,58,99,93,37
47,57,23,27,71,73,61,72,55,62,62,52,60,50,60,60,70,70,73,63,63,50,64,40,48,30,38,18,28,24,10,0,20,10,30,20,40,30,71,83,61,72,55,62,67,52,61,50,60,60,70,70,73,63,63,77,100,67,87,61,77,73,76,67,74,91,84,101,94,96,86,86,75,55,54,68,65,71,52,64,61,34,10,8,28,32,12,40,80,55,70,68,65,71,52,64,88,61,81,99,88,94,76,79,51,34,51,57,76,54,58,42,75,68,60,33,35,18,56,51,53,79,54,58,42,75,64,87,60,81,66,94,73,52,63,8,82,68,90,83,47
47,57,23,47,82,73,74,72,60,62,62,52,60,50,60,60,70,63,63,53,53,58,64,48,48,50,38,38,28,44,10,20,0,30,10,20,20,30,82,83,72,72,75,62,78,52,81,50,60,60,70,63,63,53,53,97,102,87,96,81,86,93,76,87,74,106,84,96,86,86,76,76,75,68,54,68,55,61,52,64,69,54,30,28,28,12,8,40,88,75,70,68,55,61,52,64,107,81,101,98,78,84,76,88,64,54,71,77,76,67,48,42,75,68,68,53,25,18,56,51,55,87,74,48,42,75,69,106,80,71,66,94,73,52,71,28,90,68,109,103,47
57,67,33,37,81,83,71,82,65,72,72,62,70,60,70,70,73,63,63,53,53,60,74,50,58,40,48,28,38,34,20,10,30,0,20,10,30,20,81,93,71,82,65,72,77,62,71,60,70,70,73,63,63,53,53,87,110,77,97,71,87,83,86,77,84,101,94,96,86,86,76,76,85,65,64,75,55,61,62,74,71,44,20,2,18,22,22,50,90,65,80,75,55,61,62,74,98,71,91,98,78,84,86,89,61,44,61,67,86,64,48,52,85,78,70,43,25,28,66,61,63,89,64,48,52,85,74,97,70,71,76,104,83,62,73,18,92,78,100,93,57
57,67,33,57,92,83,84,82,70,72,72,62,70,60,70,63,63,53,53,43,43,68,74,58,58,60,48,48,38,54,20,30,10,20,0,10,10,20,92,93,82,82,85,72,88,62,91,60,70,63,63,53,53,43,43,107,112,97,106,91,96,103,86,97,84,96,86,86,76,76,66,66,85,78,64,65,45,51,62,74,79,64,40,22,18,2,18,50,98,85,80,65,45,51,62,74,117,91,106,88,68,74,86,98,74,64,81,87,86,77,38,52,85,78,78,63,15,28,66,61,65,97,84,38,52,85,79,116,90,61,76,104,83,62,81,38,100,78,119,104,57
67,77,43,47,91,93,81,92,75,82,82,72,80,70,73,63,63,53,53,43,43,70,84,60,68,50,58,38,48,44,30,20,20,10,10,0,20,10,91,103,81,92,75,82,87,72,81,70,73,63,63,53,53,43,43,97,120,87,107,81,97,93,96,87,94,96,86,86,76,76,66,66,95,75,74,65,45,51,71,84,81,54,30,12,8,12,28,60,100,75,83,65,45,51,71,84,108,81,101,88,68,74,94,99,71,54,71,77,96,74,38,62,95,88,80,53,15,38,76,71,73,99,74,38,62,95,84,107,80,61,86,114,93,72,83,28,102,81,110,103,67
67,77,43,67,102,93,94,92,80,82,81,72,80,63,63,53,53,43,43,33,33,78,84,68,68,70,58,58,48,64,30,40,20,30,10,20,0,10,102,103,92,92,93,82,81,72,87,63,63,53,53,43,43,33,33,117,122,107,116,101,106,104,96,107,86,86,76,76,66,66,56,56,95,88,73,55,35,41,61,84,89,74,50,32,12,8,28,60,108,95,73,55,35,41,61,84,127,101,96,78,58,64,84,108,84,74,91,97,96,87,28,62,95,88,88,73,5,38,76,71,75,107,94,28,62,95,89,126,100,51,86,114,93,71,91,48,110,71,129,94,67
76,86,53,57,101,103,91,101,85,91,81,81,87,63,63,53,53,43,43,33,33,80,94,70,78,60,68,48,58,54,40,30,30,20,20,10,10,0,101,113,91,101,85,91,81,81,87,63,63,53,53,43,43,33,33,107,130,97,117,91,107,103,104,97,86,86,76,76,66,66,56,56,105,85,73,55,35,41,61,93,91,64,40,22,2,18,38,70,110,85,73,55,35,41,61,93,118,91,96,78,58,64,84,109,81,64,81,87,106,84,28,71,105,98,90,63,5,48,86,81,83,109,84,28,71,105,94,117,90,51,94,124,103,71,93,38,112,71,120,94,76
60,50,62,44,58,56,53,64,47,74,59,65,53,73,77,83,87,93,97,103,107,33,42,43,37,41,47,53,57,47,72,71,82,81,92,91,102,101,0,23,10,10,24,20,32,30,30,48,50,58,60,68,70,78,80,39,42,47,45,41,55,53,65,47,72,71,82,81,92,91,102,101,49,47,67,85,105,95,75,72,30,41,61,79,99,94,74,45,11,16,40,58,78,70,50,18,30,41,61,79,99,94,74,53,43,37,20,37,48,46,108,65,56,51,29,40,106,64,37,34,30,10,17,83,40,18,13,29,40,106,64,37,51,69,32,63,13,42,32,63,60
79,73,60,67,61,54,71,54,70,64,82,74,76,92,100,102,110,112,120,122,130,42,35,52,35,64,45,74,55,70,73,83,83,93,93,103,103,113,23,0,33,16,47,26,55,36,53,54,64,64,74,74,84,84,94,42,35,52,35,64,45,74,55,70,73,92,83,102,93,112,103,113,52,70,90,108,128,114,94,62,33,58,82,91,111,95,75,43,12,39,63,72,92,76,56,24,33,58,82,100,115,95,75,43,66,60,43,60,51,69,127,84,46,55,32,59,108,65,27,38,42,13,40,89,46,8,33,32,59,108,65,27,54,92,35,84,10,65,35,84,79
50,40,52,34,53,46,43,62,37,65,49,55,43,63,67,73,77,83,87,93,97,23,43,33,27,31,37,43,47,37,62,61,72,71,82,81,92,91,10,33,0,20,14,10,22,20,20,38,40,48,50,58,60,68,70,47,52,37,55,31,47,43,57,37,62,61,72,71,82,81,92,91,48,37,57,75,95,85,65,67,34,31,51,69,89,84,64,35,21,6,30,48,68,60,40,12,40,31,51,69,89,84,64,49,33,27,10,27,49,36,98,55,54,41,33,30,96,54,35,24,20,20,7,73,30,28,3,39,30,96,54,47,46,59,36,53,23,32,42,53,50
70,60,59,54,64,54,63,54,57,64,69,74,63,83,87,93,97,103,107,113,117,37,35,47,35,51,45,63,55,57,62,72,72,82,82,92,92,101,10,16,20,0,34,10,42,20,40,38,48,48,58,58,68,68,78,49,35,55,35,51,45,63,55,57,62,81,72,91,82,101,92,101,59,57,77,95,115,105,85,62,40,51,71,80,100,84,64,43,21,26,50,56,76,60,40,8,40,51,71,89,103,84,64,43,53,47,30,47,58,56,118,75,46,55,39,50,96,54,27,38,34,20,27,73,30,8,17,39,50,96,54,27,60,79,42,73,23,52,42,73,70
44,34,56,28,47,60,37,57,31,59,43,49,37,57,61,67,71,77,81,87,91,37,57,31,41,25,41,37,51,31,65,55,75,65,85,75,93,85,24,47,14,34,0,24,12,34,6,40,30,50,40,60,50,70,60,41,64,31,51,25,41,37,51,31,69,55,79,65,89,75,93,85,58,31,51,69,89,79,59,61,48,25,45,63,83,87,67,43,35,8,20,38,58,62,42,26,52,25,45,63,83,91,71,43,27,21,4,21,57,30,92,49,65,55,47,24,88,61,49,38,34,34,7,65,44,42,17,51,24,88,61,59,60,53,50,47,37,22,54,47,44
60,50,49,44,63,50,53,64,47,74,59,65,53,73,77,83,87,93,97,103,107,27,45,37,31,41,41,53,51,47,52,62,62,72,72,82,82,91,20,26,10,10,24,0,32,10,30,28,38,38,48,48,58,58,68,57,45,47,45,41,55,53,54,47,52,71,62,81,72,91,82,91,52,47,67,85,105,95,75,72,38,41,61,70,90,74,54,39,31,16,40,46,66,50,30,2,50,41,61,79,93,74,54,53,43,37,20,37,53,46,108,65,56,45,37,40,86,44,37,28,24,30,17,63,20,18,7,49,40,86,44,37,50,69,40,63,33,42,52,63,60
56,46,65,40,59,68,49,69,43,71,55,61,49,69,73,79,83,89,93,99,103,45,65,43,49,37,53,49,63,43,68,67,78,77,88,87,81,81,32,55,22,42,12,32,0,42,6,28,18,38,28,48,38,58,48,53,74,43,63,37,53,49,63,43,68,67,78,77,88,87,81,81,70,43,63,81,101,91,71,73,56,37,57,75,83,89,70,55,43,16,8,26,46,50,30,34,62,37,57,75,83,89,70,55,39,33,16,33,69,42,99,61,76,63,55,36,76,60,57,46,42,42,15,53,36,50,25,61,36,76,60,69,68,65,58,59,45,10,64,59,56
63,60,39,54,73,60,63,74,57,78,69,68,63,66,76,76,86,86,96,96,104,37,55,47,41,51,51,63,44,57,42,52,52,62,62,72,72,81,30,36,20,20,34,10,42,0,40,18,28,28,38,38,48,48,58,67,55,57,55,51,54,63,44,57,42,81,52,91,62,91,72,81,62,57,70,84,104,88,68,80,48,51,62,60,80,64,44,49,41,26,38,36,56,40,20,12,60,51,71,89,83,64,44,56,53,47,30,47,63,56,99,58,66,55,47,50,76,34,47,38,34,40,27,53,10,28,17,59,50,76,34,47,60,68,50,60,43,36,62,73,63
50,40,62,34,53,66,43,63,37,65,49,55,43,63,67,73,77,83,87,93,97,43,63,37,47,31,47,43,57,37,71,61,81,71,91,81,87,87,30,53,20,40,6,30,6,40,0,34,24,44,34,54,44,64,54,47,70,37,57,31,47,43,57,37,74,61,84,71,94,81,87,87,64,37,57,75,95,85,65,67,54,31,51,69,89,93,73,49,41,14,14,32,52,56,36,32,58,31,51,69,89,95,76,49,33,27,10,27,63,36,98,55,71,61,53,30,82,66,55,44,40,40,13,59,42,48,23,57,30,82,66,65,66,59,56,53,43,16,60,53,50
61,71,37,68,87,78,77,86,71,76,76,66,74,64,74,74,84,84,94,86,86,55,73,62,59,65,52,68,42,71,40,50,50,60,60,70,63,63,48,54,38,38,40,28,28,18,34,0,10,10,20,20,30,30,40,72,73,62,62,65,52,77,42,71,40,93,50,83,60,73,63,63,80,71,68,82,88,86,66,78,66,65,60,58,65,62,42,54,59,44,20,18,38,22,2,30,78,65,85,85,65,62,42,54,67,61,44,61,81,70,81,56,84,73,65,64,58,32,65,56,52,58,43,35,8,46,35,77,64,58,32,65,78,66,68,58,61,18,80,87,61
71,64,47,58,77,86,67,87,61,86,73,76,67,74,84,84,94,94,96,86,86,63,83,61,67,55,62,67,52,61,50,60,60,70,70,73,63,63,50,64,40,48,30,38,18,28,24,10,0,20,10,30,20,40,30,71,83,61,72,55,62,67,52,61,50,85,60,83,70,73,63,63,88,61,78,92,88,94,76,88,74,55,70,68,65,71,52,64,61,34,10,8,28,32,12,40,80,55,75,85,65,71,52,64,57,51,34,51,87,60,81,66,94,81,73,54,58,42,75,64,60,60,33,35,18,56,43,79,54,58,42,75,86,76,76,68,63,8,82,77,71
71,81,47,78,97,88,87,96,81,86,86,76,84,74,84,84,94,86,86,76,76,65,83,72,69,75,62,78,52,81,50,60,60,70,63,63,53,53,58,64,48,48,50,38,38,28,44,10,20,0,30,10,20,20,30,82,83,72,72,75,62,87,52,81,50,83,60,73,63,63,53,53,90,81,78,92,78,84,76,88,76,75,70,68,55,61,52,64,69,54,30,28,28,12,8,40,88,75,93,75,55,61,52,64,77,71,54,71,91,80,71,66,94,83,75,74,48,42,75,66,62,68,53,25,18,56,45,87,74,48,42,75,88,76,78,68,71,28,90,91,71
81,74,57,68,87,96,77,97,71,96,83,86,77,84,94,94,96,86,86,76,76,73,93,71,77,65,72,77,62,71,60,70,70,73,63,63,53,53,60,74,50,58,40,48,28,38,34,20,10,30,0,20,10,30,20,81,93,71,82,65,72,77,62,71,60,83,70,73,63,63,53,53,98,71,88,98,78,84,86,98,84,65,80,75,55,61,62,74,71,44,20,2,18,22,22,50,90,65,85,75,55,61,62,74,67,61,44,61,97,70,71,76,104,91,83,64,48,52,85,74,70,70,43,25,28,66,53,89,64,48,52,85,96,86,86,78,73,18,92,87,81
81,91,57,88,107,98,97,106,91,96,96,86,94,84,94,86,86,76,76,66,66,75,93,82,79,85,72,88,62,91,60,70,63,63,53,53,43,43,68,74,58,58,60,48,48,38,54,20,30,10,20,0,10,10,20,92,93,82,82,85,72,91,62,91,60,73,63,63,53,53,43,43,100,91,88,88,68,74,86,98,86,85,80,65,45,51,62,74,79,64,40,22,18,2,18,50,98,85,83,65,45,51,62,74,87,81,64,81,101,90,61,76,104,93,85,84,38,52,85,76,72,78,63,15,28,66,55,97,84,38,52,85,98,86,88,78,81,38,100,81,81
91,84,67,78,97,106,87,107,81,106,93,96,87,94,96,86,86,76,76,66,66,83,103,81,87,75,82,87,72,81,70,73,63,63,53,53,43,43,70,84,60,68,50,58,38,48,44,30,20,20,10,10,0,20,10,91,103,81,92,75,82,87,72,81,70,73,63,63,53,53,43,43,108,81,98,88,68,74,94,108,94,75,83,65,45,51,71,84,81,54,30,12,8,12,28,60,100,75,83,65,45,51,71,84,77,71,54,71,107,80,61,86,114,101,93,74,38,62,95,84,80,80,53,15,38,76,63,99,74,38,62,95,106,96,96,81,83,28,102,81,91
91,101,67,90,117,108,107,116,101,106,104,96,104,86,86,76,76,66,66,56,56,85,103,92,89,93,82,81,72,87,63,63,53,53,43,43,33,33,78,84,68,68,70,58,58,48,64,30,40,20,30,10,20,0,10,102,103,92,92,93,82,81,72,87,63,63,53,53,43,43,33,33,110,101,96,78,58,64,84,108,96,95,73,55,35,41,61,84,89,74,50,32,12,8,28,60,108,95,73,55,35,41,61,84,97,91,74,91,111,100,51,86,114,103,95,94,28,62,95,86,82,88,73,5,38,76,65,107,94,28,62,95,108,94,98,71,91,48,110,71,91
99,94,76,88,107,116,97,117,91,114,103,104,97,86,86,76,76,66,66,56,56,93,113,91,97,85,91,81,81,87,63,63,53,53,43,43,33,33,80,94,70,78,60,68,48,58,54,40,30,30,20,20,10,10,0,101,113,91,101,85,91,81,81,87,63,63,53,53,43,43,33,33,118,91,96,78,58,64,84,116,104,85,73,55,35,41,61,93,91,64,40,22,2,18,38,70,110,85,73,55,35,41,61,93,87,81,64,81,117,90,51,94,124,111,103,84,28,71,105,94,90,90,63,5,48,86,73,109,84,28,71,105,116,94,106,71,93,38,112,71,99
66,56,78,50,69,80,59,79,53,81,65,71,59,79,83,89,93,99,103,109,113,58,61,53,68,47,63,59,73,53,87,77,97,87,107,97,117,107,39,42,47,49,41,57,53,67,47,72,71,82,81,92,91,102,101,0,23,10,30,24,20,32,30,30,48,50,58,60,68,70,78,80,68,53,73,91,111,101,81,83,49,47,67,85,105,109,89,65,30,41,61,79,99,94,74,57,11,16,40,58,78,70,50,22,49,43,37,20,67,52,114,71,87,75,48,46,112,83,69,65,61,29,40,106,64,50,50,10,17,83,40,31,70,75,51,69,32,63,13,42,66
89,79,79,73,80,73,82,73,76,83,88,93,82,102,106,112,116,122,126,132,136,61,54,71,54,70,64,82,74,76,92,100,102,110,112,120,122,130,42,35,52,35,64,45,74,55,70,73,83,83,93,93,103,103,113,23,0,33,16,47,26,55,36,53,54,73,64,83,74,93,84,94,71,76,96,114,134,124,104,81,52,70,90,108,128,114,94,62,33,58,82,91,111,95,75,43,12,39,63,81,96,76,56,24,72,66,60,43,70,75,137,94,65,74,51,69,127,84,46,57,61,32,59,108,65,27,52,13,40,89,46,8,73,98,54,92,35,84,10,65,89
56,46,68,40,59,82,49,69,43,71,55,61,49,69,73,79,83,89,93,99,103,53,71,43,63,37,53,49,63,43,77,67,87,77,97,87,107,97,47,52,37,55,31,47,43,57,37,62,61,72,71,82,81,92,91,10,33,0,20,14,10,22,20,20,38,40,48,50,58,60,68,70,70,43,63,81,101,91,71,73,59,37,57,75,95,99,79,55,40,31,51,69,89,84,64,49,21,6,30,48,68,60,40,12,39,33,27,10,69,42,104,61,77,77,58,36,102,73,66,60,56,39,30,96,54,47,40,20,7,73,30,28,72,65,61,59,42,53,23,32,56
76,66,79,60,79,73,69,73,63,83,75,81,69,89,93,99,103,109,113,119,123,64,54,63,54,57,64,69,74,63,86,87,96,97,106,107,116,117,45,35,55,35,51,45,63,55,57,62,72,72,82,82,92,92,101,30,16,20,0,34,10,42,20,40,38,60,48,70,58,80,68,78,81,63,83,101,121,111,91,81,66,57,77,95,115,108,88,62,47,51,71,80,100,84,64,43,28,26,50,68,80,60,40,8,59,53,47,30,82,62,124,81,65,74,67,56,119,78,46,57,61,48,50,96,54,27,52,29,27,73,30,8,79,85,64,79,45,73,26,52,76
50,40,62,34,53,76,43,63,37,65,49,55,43,63,67,73,77,83,87,93,97,47,70,37,57,31,47,43,57,37,71,61,81,71,91,81,101,91,41,64,31,51,25,41,37,51,31,65,55,75,65,85,75,93,85,24,47,14,34,0,24,12,34,6,52,30,62,40,72,50,70,60,64,37,57,75,95,85,65,67,58,31,51,69,89,93,73,49,52,25,45,63,83,87,67,43,35,8,20,38,58,74,54,26,33,27,21,4,63,36,98,55,71,71,57,30,96,67,65,54,50,51,24,88,61,59,34,34,7,65,44,42,66,59,60,53,54,47,37,22,50
66,56,73,50,69,83,59,79,53,81,65,71,59,79,83,89,93,99,103,109,113,63,64,53,64,47,63,59,73,53,76,77,86,87,96,97,106,107,55,45,47,45,41,55,53,54,47,52,62,62,72,72,82,82,91,20,26,10,10,24,0,32,10,30,28,50,38,60,48,70,58,68,80,53,73,91,111,101,81,83,69,47,67,85,105,98,78,65,50,41,61,70,90,74,54,53,31,16,40,58,70,50,30,2,49,43,37,20,79,52,114,71,75,84,68,46,109,68,56,67,66,49,40,86,44,37,50,30,17,63,20,18,82,75,71,69,52,63,33,42,66
62,52,74,46,65,88,55,75,49,77,61,67,55,75,79,85,89,95,99,105,109,59,82,49,69,43,59,55,69,49,83,73,93,83,103,93,104,103,53,74,43,63,37,53,49,63,43,77,67,87,77,91,87,81,81,32,55,22,42,12,32,0,42,6,60,18,70,28,68,38,58,48,76,49,69,87,107,97,77,79,70,43,63,81,101,105,85,61,62,37,57,75,83,89,79,55,43,16,8,26,46,66,62,34,45,39,33,16,75,48,110,67,83,83,69,42,99,79,77,66,62,61,36,76,73,69,46,42,15,53,52,50,78,71,72,65,64,59,45,10,62
76,66,63,60,79,93,69,89,63,91,75,81,69,89,93,99,103,109,113,119,123,73,74,63,74,57,73,69,68,63,66,76,76,86,86,96,96,104,65,55,57,55,51,54,63,44,57,42,52,52,62,62,72,72,81,30,36,20,20,34,10,42,0,40,18,60,28,70,38,68,48,58,90,63,83,101,121,111,91,93,79,57,77,84,104,88,68,75,60,51,62,60,80,64,44,56,41,26,50,68,60,40,20,12,59,53,47,30,89,62,122,81,85,94,78,56,99,58,66,77,76,59,50,76,34,47,60,40,27,53,10,28,92,85,81,79,62,60,43,52,76
56,46,68,40,59,82,49,69,43,71,55,61,49,69,73,79,83,89,93,99,103,53,76,43,63,37,53,49,63,43,77,67,87,77,97,87,107,97,47,70,37,57,31,47,43,57,37,71,61,81,71,91,81,87,87,30,53,20,40,6,30,6,40,0,58,24,68,34,74,44,64,54,70,43,63,81,101,91,71,73,64,37,57,75,95,99,79,55,58,31,51,69,89,93,73,49,41,14,14,32,52,72,60,32,39,33,27,10,69,42,104,61,77,77,63,36,102,73,71,60,56,57,30,82,67,65,40,40,13,59,50,48,72,65,66,59,60,53,43,16,56
85,84,61,78,97,102,87,107,81,100,93,90,87,88,98,98,108,108,118,109,109,79,92,81,83,75,76,87,66,81,64,74,74,84,84,94,86,86,72,73,62,62,69,52,68,42,74,40,50,50,60,60,70,63,63,48,54,38,38,52,28,60,18,58,0,70,10,60,20,50,30,40,104,81,92,106,111,110,90,102,90,75,84,82,88,86,66,78,78,68,60,58,65,62,42,54,59,44,68,62,42,22,2,30,77,71,65,48,105,80,104,80,103,97,89,74,81,56,84,80,76,77,68,58,32,65,59,58,45,35,8,46,102,90,92,82,80,58,61,70,85
80,70,92,64,83,106,73,93,67,95,79,85,73,93,97,103,107,113,117,109,109,77,100,67,87,61,77,73,87,67,101,91,106,101,96,96,86,86,71,92,61,81,55,71,67,81,61,93,85,83,83,73,73,63,63,50,73,40,60,30,50,18,60,24,70,0,60,10,50,20,40,30,94,67,87,105,111,115,95,97,88,61,81,99,88,94,103,79,80,55,75,85,65,71,91,73,61,34,10,8,28,48,68,52,63,57,51,34,93,66,104,85,101,101,87,60,81,97,95,84,80,79,54,58,91,87,64,60,33,35,70,68,96,89,90,83,82,77,63,8,80
95,94,71,88,107,112,97,117,91,110,103,100,97,98,108,108,118,109,109,99,99,89,102,91,93,85,86,97,76,91,74,84,84,94,86,86,76,76,82,83,72,72,79,62,78,52,84,50,60,60,70,63,63,53,53,58,64,48,48,62,38,70,28,68,10,60,0,50,10,40,20,30,114,91,102,116,101,107,100,112,100,85,94,92,78,84,76,88,88,78,70,68,55,61,52,64,69,54,70,52,32,12,8,40,87,81,75,58,115,90,94,90,113,107,99,84,71,66,94,90,86,87,78,48,42,75,69,68,55,25,18,56,112,100,102,92,90,68,71,68,95
90,80,102,74,93,116,83,103,77,105,89,95,83,103,107,113,117,109,109,99,99,87,110,77,97,71,87,83,97,77,106,101,96,96,86,86,76,76,81,102,71,91,65,81,77,91,71,83,83,73,73,63,63,53,53,60,83,50,70,40,60,28,70,34,60,10,50,0,40,10,30,20,104,77,97,115,101,107,105,107,98,71,91,98,78,84,104,89,90,65,85,75,55,61,81,83,71,44,20,2,18,38,58,62,73,67,61,44,103,76,94,95,111,111,97,70,71,107,105,94,90,89,64,48,91,97,74,70,43,25,68,78,106,99,100,93,92,87,73,18,90
105,104,81,98,117,122,107,127,101,120,113,110,107,108,118,109,109,99,99,89,89,99,112,101,103,95,96,107,86,101,84,94,86,86,76,76,66,66,92,93,82,82,89,72,88,62,94,60,70,63,63,53,53,43,43,68,74,58,58,72,48,68,38,74,20,50,10,40,0,30,10,20,124,101,112,111,91,97,110,122,110,95,104,88,68,74,86,98,98,88,80,65,45,51,62,74,79,64,60,42,22,2,18,50,97,91,85,68,125,100,84,100,123,117,109,94,61,76,104,100,96,97,88,38,52,85,79,78,65,15,28,66,122,110,112,102,100,78,81,58,105
100,90,109,84,103,126,93,113,87,115,99,105,93,113,117,109,109,99,99,89,89,97,120,87,107,81,97,93,107,87,96,96,86,86,76,76,66,66,91,112,81,101,75,91,87,91,81,73,73,63,63,53,53,43,43,70,93,60,80,50,70,38,68,44,50,20,40,10,30,0,20,10,114,87,107,111,91,97,115,117,108,81,101,88,68,74,94,99,100,75,83,65,45,51,71,93,81,54,30,12,8,28,48,72,83,77,71,54,113,86,84,105,121,121,107,80,61,104,115,104,100,99,74,38,81,107,84,80,53,15,58,88,116,109,110,103,102,81,83,28,100
115,110,91,104,123,132,113,133,107,130,119,120,113,109,109,99,99,89,89,79,79,109,122,107,113,101,106,104,96,107,86,86,76,76,66,66,56,56,102,103,92,92,93,82,81,72,87,63,63,53,53,43,43,33,33,78,84,68,68,70,58,58,48,64,30,40,20,30,10,20,0,10,134,107,119,101,81,87,107,132,120,101,96,78,58,64,84,108,108,95,73,55,35,41,61,84,89,74,50,32,12,8,28,60,103,97,91,74,133,106,74,110,133,127,119,100,51,86,114,110,106,107,94,28,62,95,89,88,73,5,38,76,132,117,122,94,110,71,91,48,115
110,100,99,94,113,136,103,123,97,125,109,115,103,109,109,99,99,89,89,79,79,107,130,97,117,91,107,103,104,97,86,86,76,76,66,66,56,56,101,113,91,101,85,91,81,81,87,63,63,53,53,43,43,33,33,80,94,70,78,60,68,48,58,54,40,30,30,20,20,10,10,0,124,97,117,101,81,87,107,127,118,91,96,78,58,64,84,109,110,85,73,55,35,41,61,93,91,64,40,22,2,18,38,70,93,87,81,64,123,96,74,115,131,131,117,90,51,94,124,114,110,109,84,28,71,105,94,90,63,5,48,86,126,117,120,94,112,71,93,38,110
46,38,52,55,11,12,21,21,35,31,43,41,41,59,61,69,71,79,81,89,91,30,33,40,27,52,37,62,47,58,65,75,75,85,85,95,95,105,49,52,48,59,58,52,70,62,64,80,88,90,98,100,108,110,118,68,71,70,81,64,80,76,90,70,104,94,114,104,124,114,134,124,0,27,51,69,89,81,61,29,21,46,70,83,103,87,67,35,40,54,78,96,116,102,82,54,59,64,84,102,122,126,106,82,31,48,54,60,1,28,94,51,20,7,20,47,100,57,35,24,28,39,55,115,72,54,45,58,63,129,96,73,2,53,23,72,42,80,61,86,46
21,11,55,28,16,39,6,26,8,36,16,26,14,34,34,44,44,54,54,64,64,41,58,31,51,25,41,37,51,31,58,55,68,65,78,75,88,85,47,70,37,57,31,47,43,57,37,71,61,81,71,91,81,101,91,53,76,43,63,37,53,49,63,43,81,67,91,77,101,87,107,97,27,0,24,42,62,56,36,34,46,25,45,63,83,80,60,43,58,31,51,69,89,93,73,49,64,37,57,75,95,103,83,55,4,21,27,33,26,1,69,26,34,34,45,24,90,50,53,48,44,57,30,96,67,65,40,63,36,102,73,71,29,26,48,47,60,53,66,59,21
17,17,41,48,40,58,30,42,20,32,8,22,14,20,10,30,20,40,30,50,40,61,77,51,66,45,56,57,46,51,44,54,54,64,64,74,73,73,67,90,57,77,51,67,63,70,57,68,78,78,88,88,98,96,96,73,96,63,83,57,73,69,83,63,92,87,102,97,112,107,119,117,51,24,0,18,38,42,22,34,70,45,64,62,75,66,46,58,78,51,71,86,98,90,70,69,84,57,77,95,115,114,94,75,24,41,47,53,50,23,45,12,50,58,69,44,68,36,69,68,64,77,50,91,60,85,60,83,56,114,84,91,53,2,72,62,80,73,86,79,17
31,35,55,66,58,72,48,56,38,46,26,36,32,22,8,12,2,22,12,32,22,79,91,69,80,63,70,75,60,69,58,68,68,75,65,65,55,55,85,108,75,95,69,85,81,84,75,82,92,92,98,88,88,78,78,91,114,81,101,75,91,87,101,81,106,105,116,115,111,111,101,101,69,42,18,0,20,24,20,48,88,63,78,76,57,63,60,72,96,69,89,100,80,86,84,87,102,75,95,113,103,109,108,93,42,59,65,71,68,41,27,26,64,76,87,62,50,50,83,83,82,95,68,73,74,102,78,101,74,96,98,109,71,16,90,76,98,91,104,97,31
51,55,75,86,78,92,68,76,58,66,46,56,52,38,28,28,18,22,8,12,2,99,111,89,100,83,90,83,80,89,65,65,55,55,45,45,35,35,105,128,95,115,89,105,101,104,95,88,88,78,78,68,68,58,58,111,134,101,121,95,111,107,121,101,111,111,101,101,91,91,81,81,89,62,38,20,0,20,36,68,108,83,75,57,37,43,63,92,116,89,98,80,60,66,86,107,122,95,115,103,83,89,109,113,62,79,85,91,88,61,7,46,84,96,107,82,30,70,103,103,102,115,88,53,94,122,98,121,94,76,118,129,91,36,110,73,118,96,124,117,51
35,45,59,76,70,76,62,60,48,50,50,40,48,22,32,12,22,2,28,8,18,89,95,79,84,73,74,85,64,79,62,71,61,61,51,51,41,41,95,114,85,105,79,95,91,88,85,86,94,84,84,74,74,64,64,101,124,91,111,85,101,97,111,91,110,115,107,107,97,97,87,87,81,56,42,24,20,0,20,52,100,73,81,63,43,49,64,76,106,79,99,86,66,72,88,97,112,85,105,109,89,95,112,103,52,69,75,81,80,55,13,30,68,81,99,72,36,54,87,87,91,105,78,59,78,106,88,111,84,82,102,119,83,40,102,79,108,101,114,107,35
15,25,39,56,50,56,42,40,28,30,30,20,28,2,28,8,18,18,28,28,38,69,75,59,64,53,54,65,44,59,42,52,52,62,62,71,61,61,75,94,65,85,59,75,71,68,65,66,76,76,86,86,94,84,84,81,104,71,91,65,81,77,91,71,90,95,100,105,110,115,107,107,61,36,22,20,36,20,0,32,80,53,62,60,63,64,44,56,86,59,79,84,86,88,68,77,92,65,85,103,109,112,92,83,32,49,55,61,60,35,33,10,48,61,79,52,56,34,67,67,71,85,58,79,58,86,68,91,64,102,82,99,63,20,82,60,88,81,94,87,15
17,27,51,58,18,24,28,8,30,2,36,12,30,30,40,40,50,50,60,60,70,53,43,61,43,55,53,67,56,61,54,64,64,74,74,84,84,93,72,62,67,62,61,72,73,80,67,78,88,88,98,98,108,108,116,83,81,73,81,67,83,79,93,73,102,97,112,107,122,117,132,127,29,34,34,48,68,52,32,0,48,55,74,72,92,76,56,51,67,61,81,96,116,100,80,70,86,67,87,105,125,124,104,85,34,51,57,63,28,35,65,22,16,29,47,54,88,46,35,46,50,66,60,111,70,54,67,85,66,132,94,73,31,32,50,72,69,83,88,89,17
65,55,46,38,30,33,40,40,52,50,62,60,58,78,80,88,90,98,100,108,110,11,12,21,21,35,31,43,41,41,59,61,69,71,79,81,89,91,30,33,34,40,48,38,56,48,54,66,74,76,84,86,94,96,104,49,52,59,66,58,69,70,79,64,90,88,100,98,110,108,120,118,21,46,70,88,108,100,80,48,0,27,51,69,89,81,61,29,21,40,64,82,102,88,68,40,40,58,78,96,116,112,92,71,48,31,44,54,20,47,113,70,39,28,1,28,94,51,20,18,14,20,41,101,58,39,31,39,57,123,82,58,23,72,2,53,23,66,42,80,65
38,28,31,11,41,45,31,51,25,53,37,43,31,51,55,61,65,71,75,81,85,16,39,6,26,8,16,16,26,14,44,34,54,44,64,54,74,64,41,58,31,51,25,41,37,51,31,65,55,75,65,85,75,95,85,47,70,37,57,31,47,43,57,37,75,61,85,71,95,81,101,91,46,25,45,63,83,73,53,55,27,0,24,42,62,66,46,18,46,25,45,63,83,87,67,43,58,31,51,69,89,97,77,49,21,4,21,27,45,24,86,43,53,40,26,1,69,36,34,23,19,45,24,90,60,53,34,57,30,96,67,65,45,47,29,26,48,47,60,53,38
57,48,33,17,61,69,51,71,45,72,57,62,51,60,70,70,80,80,83,73,73,40,63,30,50,20,40,8,38,14,20,10,30,20,40,30,50,40,61,82,51,71,45,61,57,62,51,60,70,70,80,80,83,73,73,67,90,57,77,51,67,63,77,57,84,81,94,91,104,101,96,96,70,45,64,78,75,81,62,74,51,24,0,18,38,42,22,42,70,45,65,78,75,81,62,63,78,51,71,89,98,104,86,69,41,24,41,47,69,44,68,52,77,64,50,23,45,28,58,47,43,69,44,68,52,77,54,77,50,91,76,85,69,62,53,2,72,67,80,73,57
55,65,31,35,79,81,69,80,63,70,70,60,68,58,68,68,75,65,65,55,55,58,72,48,56,38,46,26,36,32,18,8,28,2,22,12,32,22,79,91,69,80,63,70,75,60,69,58,68,68,75,65,65,55,55,85,108,75,95,69,85,81,84,75,82,99,92,98,88,88,78,78,83,63,62,76,57,63,60,72,69,42,18,0,20,24,20,48,88,63,78,76,57,63,60,72,96,69,89,100,80,86,84,87,59,42,59,65,84,62,50,50,83,76,68,41,27,26,64,59,61,87,62,50,50,83,72,95,68,73,74,102,81,60,71,16,90,76,98,91,55
75,85,51,55,99,101,89,100,83,90,83,80,88,65,65,55,55,45,45,35,35,78,92,68,76,58,66,46,56,52,38,28,28,18,18,8,12,2,99,111,89,100,83,90,83,80,89,65,65,55,55,45,45,35,35,105,128,95,115,89,105,101,104,95,88,88,78,78,68,68,58,58,103,83,75,57,37,43,63,92,89,62,38,20,0,20,36,68,108,83,75,57,37,43,63,92,116,89,98,80,60,66,86,107,79,62,79,85,104,82,30,70,103,96,88,61,7,46,84,79,81,107,82,30,70,103,92,115,88,53,94,122,101,73,91,36,110,73,118,96,75
59,69,35,59,94,85,86,84,72,74,74,64,72,62,71,61,61,51,51,41,41,70,76,60,60,62,50,50,40,56,22,32,12,22,2,12,8,18,94,95,84,84,87,74,89,64,93,62,71,61,61,51,51,41,41,109,114,99,108,93,98,105,88,99,86,94,84,84,74,74,64,64,87,80,66,63,43,49,64,76,81,66,42,24,20,0,20,52,100,87,81,63,43,49,64,76,119,93,104,86,66,72,88,100,76,66,83,89,88,79,36,54,87,80,80,65,13,30,68,63,67,99,86,36,54,87,81,118,92,59,78,106,85,64,83,40,102,79,121,102,59
39,49,15,39,74,65,66,64,52,54,54,44,52,42,52,52,62,62,71,61,61,50,56,40,40,42,30,30,20,36,2,12,8,22,18,28,28,38,74,75,64,64,67,54,70,44,73,42,52,52,62,62,71,61,61,89,94,79,88,73,78,85,68,79,66,103,76,104,86,94,84,84,67,60,46,60,63,64,44,56,61,46,22,20,36,20,0,32,80,67,62,60,63,64,44,56,99,73,93,106,86,88,68,80,56,46,63,69,68,59,56,34,67,60,60,45,33,10,48,43,47,79,66,56,34,67,61,98,72,79,58,86,65,44,63,20,82,60,101,95,39
51,46,17,29,46,33,49,43,43,53,55,56,49,54,64,64,74,74,84,84,93,18,24,12,8,26,2,34,12,32,30,40,40,50,50,60,60,70,45,43,35,43,43,39,55,49,49,54,64,64,74,74,84,84,93,65,62,55,62,49,65,61,75,55,78,79,88,89,98,99,108,109,35,43,58,72,92,76,56,51,29,18,42,48,68,52,32,0,48,41,63,72,92,76,56,41,67,49,69,87,107,100,80,67,39,22,39,45,36,42,88,46,35,28,28,19,65,22,16,11,15,47,42,88,46,35,32,66,48,111,70,54,33,56,31,44,50,65,69,71,51
71,61,65,55,49,52,59,59,58,69,70,76,64,84,88,94,98,104,108,114,118,30,33,40,40,52,50,62,60,58,78,80,88,90,98,100,108,110,11,12,21,21,35,31,43,41,41,59,61,69,71,79,81,89,91,30,33,40,47,52,50,62,60,58,78,80,88,90,98,100,108,110,40,58,78,96,116,106,86,67,21,46,70,88,108,100,80,48,0,27,51,69,89,81,61,29,21,46,70,88,108,100,80,52,54,48,31,48,39,57,119,76,58,47,20,47,113,70,39,37,33,1,28,94,51,20,24,20,47,113,70,39,42,80,23,72,2,53,23,72,71
44,34,56,28,47,52,37,57,31,59,43,49,37,57,61,67,71,77,81,87,91,29,49,31,33,25,41,37,51,31,65,55,75,65,85,75,95,85,16,39,6,26,8,16,16,26,14,44,34,54,44,64,54,74,64,41,58,31,51,25,41,37,51,31,68,55,78,65,88,75,95,85,54,31,51,69,89,79,59,61,40,25,45,63,83,87,67,41,27,0,24,42,62,66,46,18,46,25,45,63,83,90,70,43,27,21,4,21,55,30,92,49,60,47,39,24,90,60,41,30,26,26,1,69,36,34,9,45,24,90,60,53,52,53,42,47,29,26,48,47,44
64,54,57,48,67,76,57,77,51,79,63,69,57,77,81,87,91,97,101,96,96,53,73,51,57,45,61,57,62,51,60,70,70,80,80,83,73,73,40,63,30,50,20,40,8,38,14,20,10,30,20,40,30,50,40,61,82,51,71,45,61,57,62,51,60,75,70,85,80,83,73,73,78,51,71,89,98,99,79,81,64,45,65,78,75,81,62,63,51,24,0,18,38,42,22,42,70,45,65,83,75,81,62,63,47,41,24,41,77,50,91,69,84,71,63,44,68,52,65,54,50,50,23,45,28,58,33,69,44,68,52,77,76,73,66,67,53,2,72,67,64
79,72,55,66,85,94,75,95,69,94,81,84,75,82,92,92,98,88,88,78,78,71,91,69,75,63,70,75,60,69,58,68,68,75,65,65,55,55,58,72,48,56,38,46,26,36,32,18,8,28,2,22,12,32,22,79,91,69,80,63,70,75,60,69,58,85,68,75,65,65,55,55,96,69,86,100,80,86,84,96,82,63,78,76,57,63,60,72,69,42,18,0,20,24,20,48,88,63,83,77,57,63,60,72,65,59,42,59,95,68,73,74,102,89,81,62,50,50,83,72,68,68,41,27,26,64,51,87,62,50,50,83,94,84,84,76,71,16,90,85,79
99,92,75,86,105,114,95,115,89,114,101,104,95,88,88,78,78,68,68,58,58,91,111,89,95,83,90,83,80,89,65,65,55,55,45,45,35,35,78,92,68,76,58,66,46,56,52,38,28,28,18,18,8,12,2,99,111,89,100,83,90,83,80,89,65,65,55,55,45,45,35,35,116,89,98,80,60,66,86,116,102,83,75,57,37,43,63,92,89,62,38,20,0,20,36,68,108,83,75,57,37,43,63,92,85,79,62,79,115,88,53,94,122,109,101,82,30,70,103,92,88,88,61,7,46,84,71,107,82,30,70,103,114,96,104,73,91,36,110,73,99
83,93,59,90,109,100,99,108,93,98,98,88,96,86,94,84,84,74,74,64,64,77,95,84,81,87,74,89,64,93,62,71,61,61,51,51,41,41,70,76,60,60,62,50,50,40,56,22,32,12,22,2,12,8,18,94,95,84,84,87,74,89,64,93,62,71,61,61,51,51,41,41,102,93,90,86,66,72,88,100,88,87,81,63,43,49,64,76,81,66,42,24,20,0,20,52,100,87,81,63,43,49,64,76,89,83,66,83,103,92,59,78,106,95,87,86,36,54,87,78,74,80,65,13,30,68,57,99,86,36,54,87,100,88,90,79,83,40,102,79,83
63,73,39,70,89,80,79,88,73,78,78,68,76,66,76,76,86,86,94,84,84,57,75,64,61,67,54,70,44,73,42,52,52,62,62,71,61,61,50,56,40,40,42,30,30,20,36,2,12,8,22,18,28,28,38,74,75,64,64,67,54,79,44,73,42,91,52,81,62,71,61,61,82,73,70,84,86,88,68,80,68,67,62,60,63,64,44,56,61,46,22,20,36,20,0,32,80,67,87,83,63,64,44,56,69,63,46,63,83,72,79,58,86,75,67,66,56,34,67,58,54,60,45,33,10,48,37,79,66,56,34,67,80,68,70,60,63,20,82,89,63
62,52,51,46,65,52,55,62,49,72,61,67,55,75,79,85,89,95,99,105,109,29,43,39,33,43,43,55,53,49,54,64,64,74,74,84,84,93,18,24,12,8,26,2,34,12,32,30,40,40,50,50,60,60,70,57,43,49,43,43,53,55,56,49,54,73,64,83,74,93,84,93,54,49,69,87,107,97,77,70,40,43,63,72,92,76,56,41,29,18,42,48,68,52,32,0,48,43,63,81,95,76,56,51,45,39,22,39,55,48,110,67,54,47,39,42,88,46,35,30,26,28,19,65,22,16,9,47,42,88,46,35,52,71,42,65,31,44,50,65,62
77,67,84,61,68,71,70,78,64,88,76,82,70,90,94,100,104,110,114,120,124,49,52,59,59,58,69,70,79,64,97,88,107,98,117,108,127,118,30,33,40,40,52,50,62,60,58,78,80,88,90,98,100,108,110,11,12,21,28,35,31,43,41,41,59,61,69,71,79,81,89,91,59,64,84,102,122,112,92,86,40,58,78,96,116,119,99,67,21,46,70,88,108,100,80,48,0,27,51,69,89,81,61,33,60,54,48,31,58,63,125,82,77,66,39,57,123,89,58,56,52,20,47,113,70,39,43,1,28,94,51,20,61,86,42,80,23,72,2,53,77
50,40,62,34,53,76,43,63,37,65,49,55,43,63,67,73,77,83,87,93,97,47,70,37,57,31,47,43,57,37,71,61,81,71,91,81,101,91,41,58,31,51,25,41,37,51,31,65,55,75,65,85,75,95,85,16,39,6,26,8,16,16,26,14,44,34,54,44,64,54,74,64,64,37,57,75,95,85,65,67,58,31,51,69,89,93,73,49,46,25,45,63,83,87,67,43,27,0,24,42,62,66,46,18,33,27,21,4,63,36,98,55,71,71,57,30,96,67,65,54,50,45,24,90,60,53,34,26,1,69,36,34,66,59,60,53,48,47,29,26,50
70,60,82,54,73,96,63,83,57,85,69,75,63,83,87,93,97,103,107,113,117,67,90,57,77,51,67,63,77,57,91,81,101,91,106,101,96,96,61,82,51,71,45,61,57,71,51,85,75,93,85,83,83,73,73,40,63,30,50,20,40,8,50,14,68,10,70,20,60,30,50,40,84,57,77,95,115,105,85,87,78,51,71,89,98,104,93,69,70,45,65,83,75,81,87,63,51,24,0,18,38,58,70,42,53,47,41,24,83,56,114,75,91,91,77,50,91,87,85,74,70,69,44,68,81,77,54,50,23,45,60,58,86,79,80,73,72,67,53,2,70
88,78,100,72,91,114,81,101,75,103,87,93,81,101,105,111,115,111,111,101,101,85,108,75,95,69,85,81,95,75,108,99,98,98,88,88,78,78,79,100,69,89,63,79,75,89,69,85,85,75,75,65,65,55,55,58,81,48,68,38,58,26,68,32,62,8,52,2,42,12,32,22,102,75,95,113,103,109,103,105,96,69,89,100,80,86,106,87,88,63,83,77,57,63,83,81,69,42,18,0,20,40,60,60,71,65,59,42,101,74,96,93,109,109,95,68,73,105,103,92,88,87,62,50,93,95,72,68,41,27,70,76,104,97,98,91,90,85,71,16,88
108,98,101,92,111,134,101,121,95,123,107,113,101,111,111,101,101,91,91,81,81,105,128,95,115,89,105,101,106,95,88,88,78,78,68,68,58,58,99,115,89,103,83,93,83,83,89,65,65,55,55,45,45,35,35,78,96,68,80,58,70,46,60,52,42,28,32,18,22,8,12,2,122,95,115,103,83,89,109,125,116,89,98,80,60,66,86,107,108,83,75,57,37,43,63,95,89,62,38,20,0,20,40,72,91,85,79,62,121,94,76,113,129,129,115,88,53,96,123,112,108,107,82,30,73,107,92,88,61,7,50,88,124,117,118,96,110,73,91,36,108
107,106,83,100,119,124,109,129,103,122,115,112,109,110,117,107,107,97,97,87,87,101,114,103,105,97,98,109,88,103,86,94,84,84,74,74,64,64,94,95,84,84,91,74,89,64,95,62,71,61,61,51,51,41,41,70,76,60,60,74,50,66,40,72,22,48,12,38,2,28,8,18,126,103,114,109,89,95,112,124,112,97,104,86,66,72,88,100,100,90,81,63,43,49,64,76,81,66,58,40,20,0,20,52,99,93,87,70,127,102,82,102,125,119,111,96,59,78,106,102,98,99,90,36,54,87,81,80,67,13,30,68,124,112,114,102,102,79,83,56,107
87,86,63,80,99,104,89,109,83,102,95,92,89,90,100,100,110,110,117,107,107,81,94,83,85,77,78,89,68,83,66,76,76,86,86,94,84,84,74,75,64,64,71,54,70,44,76,42,52,52,62,62,71,61,61,50,56,40,40,54,30,62,20,60,2,68,8,58,18,48,28,38,106,83,94,108,109,112,92,104,92,77,86,84,86,88,68,80,80,70,62,60,63,64,44,56,61,46,70,60,40,20,0,32,79,73,67,50,107,82,102,82,105,99,91,76,79,58,86,82,78,79,70,56,34,67,61,60,47,33,10,48,104,92,94,84,82,60,63,72,87
68,58,75,52,71,81,61,81,55,83,67,73,61,81,85,91,95,101,105,111,115,65,62,55,62,49,65,61,75,55,78,79,88,89,98,99,108,109,53,43,49,43,43,53,55,56,49,54,64,64,74,74,84,84,93,22,24,12,8,26,2,34,12,32,30,52,40,62,50,72,60,70,82,55,75,93,113,103,83,85,71,49,69,87,107,100,80,67,52,43,63,72,92,76,56,51,33,18,42,60,72,52,32,0,51,45,39,22,81,54,116,73,73,82,70,48,111,70,54,65,68,51,42,88,46,35,52,32,19,65,22,16,84,77,72,71,53,65,34,44,68
17,7,51,24,20,43,10,30,4,32,16,22,10,30,34,40,44,50,54,60,64,37,60,27,47,21,37,33,47,27,54,51,64,61,74,71,84,81,43,66,33,53,27,43,39,53,33,67,57,77,67,87,77,97,87,49,72,39,59,33,49,45,59,39,77,63,87,73,97,83,103,93,31,4,24,42,62,52,32,34,48,21,41,59,79,76,56,39,54,27,47,65,85,89,69,45,60,33,53,71,91,99,79,51,0,17,23,29,30,3,65,22,38,38,47,20,86,46,55,44,40,53,26,92,63,61,36,59,32,98,69,67,33,26,50,43,56,49,62,55,17
34,24,35,7,37,49,27,47,21,49,33,39,27,47,51,57,61,67,71,77,81,20,43,10,30,4,20,16,30,10,44,34,54,44,64,54,74,64,37,60,27,47,21,37,33,47,27,61,51,71,61,81,71,91,81,43,66,33,53,27,43,39,53,33,71,57,81,67,91,77,97,87,48,21,41,59,79,69,49,51,31,4,24,42,62,66,46,22,48,21,41,59,79,83,63,39,54,27,47,65,85,93,73,45,17,0,17,23,47,20,82,39,55,44,30,3,69,40,38,27,23,47,20,86,57,55,30,53,26,92,63,61,49,43,33,26,50,43,56,49,34
40,30,52,24,43,56,33,53,27,55,39,45,33,53,57,63,67,73,77,83,87,33,53,27,37,21,37,33,47,27,61,51,71,61,81,71,91,81,20,43,10,30,4,20,16,30,10,44,34,54,44,64,54,74,64,37,60,27,47,21,37,33,47,27,65,51,75,61,85,71,91,81,54,27,47,65,85,75,55,57,44,21,41,59,79,83,63,39,31,4,24,42,62,66,46,22,48,21,41,59,79,87,67,39,23,17,0,17,53,26,88,45,61,51,43,20,86,57,45,34,30,30,3,69,40,38,13,47,20,86,57,55,56,49,46,43,33,26,50,43,40
46,36,58,30,49,72,39,59,33,61,45,51,39,59,63,69,73,79,83,89,93,43,66,33,53,27,43,39,53,33,67,57,77,67,87,77,97,87,37,60,27,47,21,37,33,47,27,61,51,71,61,81,71,91,81,20,43,10,30,4,20,16,30,10,48,34,58,44,68,54,74,64,60,33,53,71,91,81,61,63,54,27,47,65,85,89,69,45,48,21,41,59,79,83,63,39,31,4,24,42,62,70,50,22,29,23,17,0,59,32,94,51,67,67,53,26,92,63,61,50,46,47,20,86,57,55,30,30,3,69,40,38,62,55,56,49,50,43,33,26,46
45,37,53,54,10,13,20,20,34,30,42,40,40,58,60,68,70,78,80,88,90,29,32,39,28,51,38,61,48,57,66,76,76,86,86,96,96,106,48,51,49,58,57,53,69,63,63,81,87,91,97,101,107,111,117,67,70,69,82,63,79,75,89,69,105,93,115,103,125,113,133,123,1,26,50,68,88,80,60,28,20,45,69,84,104,88,68,36,39,55,77,95,115,103,83,55,58,63,83,101,121,127,107,81,30,47,53,59,0,27,93,50,21,8,19,46,101,58,36,25,29,38,56,116,73,55,46,57,62,128,97,74,3,52,22,71,41,79,60,85,45
20,10,54,27,17,40,7,27,7,35,15,25,13,33,33,43,43,53,53,63,63,40,59,30,50,24,40,36,50,30,57,54,67,64,77,74,87,84,46,69,36,56,30,46,42,56,36,70,60,80,70,90,80,100,90,52,75,42,62,36,52,48,62,42,80,66,90,76,100,86,106,96,28,1,23,41,61,55,35,35,47,24,44,62,82,79,59,42,57,30,50,68,88,92,72,48,63,36,56,74,94,102,82,54,3,20,26,32,27,0,68,25,35,35,46,23,89,49,54,47,43,56,29,95,66,64,39,62,35,101,72,70,30,25,49,46,59,52,65,58,20
48,58,71,85,83,89,75,73,61,63,53,53,59,35,35,25,25,15,15,5,5,102,108,92,96,86,86,76,76,82,58,58,48,48,38,38,28,28,108,127,98,118,92,108,99,99,98,81,81,71,71,61,61,51,51,114,137,104,124,98,114,110,122,104,104,104,94,94,84,84,74,74,94,69,45,27,7,13,33,65,113,86,68,50,30,36,56,88,119,92,91,73,53,59,79,110,125,98,114,96,76,82,102,116,65,82,88,94,93,68,0,43,81,94,112,85,23,66,100,99,103,118,91,46,89,119,101,124,97,69,112,132,96,43,115,66,121,89,127,112,48
5,15,29,46,40,46,32,30,18,20,20,10,18,8,18,18,28,28,38,38,48,59,65,49,54,43,44,55,34,49,32,42,42,52,52,62,62,71,65,84,55,75,49,65,61,58,55,56,66,66,76,76,86,86,94,71,94,61,81,55,71,67,81,61,80,85,90,95,100,105,110,115,51,26,12,26,46,30,10,22,70,43,52,50,70,54,34,46,76,49,69,74,94,78,58,67,82,55,75,93,113,102,82,73,22,39,45,51,50,25,43,0,38,51,69,42,66,24,57,57,61,75,48,89,48,76,58,81,54,112,72,89,53,10,72,50,78,71,84,77,5
33,43,52,62,18,8,28,8,42,18,50,28,46,46,56,56,66,66,76,76,86,37,27,47,27,59,37,69,47,65,65,75,75,85,85,95,95,105,56,46,54,46,65,56,76,66,71,84,94,94,104,104,114,114,124,87,65,77,65,71,75,83,85,77,103,101,113,111,123,121,133,131,20,34,50,64,84,68,48,16,39,53,77,83,103,87,67,35,58,60,84,102,122,106,86,54,77,71,91,109,129,125,105,73,38,55,61,67,21,35,81,38,0,13,40,54,100,57,19,30,34,59,61,119,76,38,51,78,70,136,95,57,18,48,37,79,56,86,75,93,33
46,45,45,51,18,5,28,21,42,31,50,41,48,59,68,69,78,79,88,89,98,24,36,34,20,48,30,56,40,54,58,68,68,78,78,88,88,98,51,55,41,55,55,45,63,55,61,73,81,83,91,93,101,103,111,75,74,77,74,71,84,83,94,77,97,101,107,111,117,121,127,131,7,34,58,76,96,81,61,29,28,40,64,76,96,80,60,28,47,47,71,89,109,95,75,47,66,71,91,109,129,119,99,82,38,44,51,67,8,35,94,51,13,0,27,41,93,50,28,17,21,46,48,108,65,47,38,65,70,131,89,66,5,60,30,66,49,73,68,93,46
64,54,45,37,29,32,39,39,51,49,61,59,57,77,79,87,89,97,99,107,109,10,13,20,20,34,30,42,40,40,58,60,68,70,78,80,88,90,29,32,33,39,47,37,55,47,53,65,73,75,83,85,93,95,103,48,51,58,67,57,68,69,78,63,89,87,99,97,109,107,119,117,20,45,69,87,107,99,79,47,1,26,50,68,88,80,60,28,20,39,63,81,101,87,67,39,39,57,77,95,115,111,91,70,47,30,43,53,19,46,112,69,40,27,0,27,93,50,21,17,13,19,40,100,57,40,30,38,56,122,81,59,22,71,3,52,22,65,41,79,64
37,27,32,10,40,46,30,50,24,52,36,42,30,50,54,60,64,70,74,80,84,17,40,7,27,7,17,15,27,13,43,33,53,43,63,53,73,63,40,59,30,50,24,40,36,50,30,64,54,74,64,84,74,94,84,46,69,36,56,30,46,42,56,36,74,60,84,70,94,80,100,90,47,24,44,62,82,72,52,54,28,1,23,41,61,65,45,19,47,24,44,62,82,86,66,42,57,30,50,68,88,96,76,48,20,3,20,26,46,23,85,42,54,41,27,0,68,37,35,24,20,46,23,89,60,54,33,56,29,95,66,64,46,46,30,25,49,46,59,52,37
71,81,48,62,106,98,96,96,84,86,76,76,82,58,58,48,48,38,38,28,28,83,89,73,73,65,63,53,53,59,35,35,25,25,15,15,5,5,106,108,96,96,88,86,76,76,82,58,58,48,48,38,38,28,28,112,127,102,119,96,109,99,99,102,81,81,71,71,61,61,51,51,100,90,68,50,30,36,56,88,94,69,45,27,7,13,33,65,113,90,68,50,30,36,56,88,123,96,91,73,53,59,79,111,86,69,86,92,101,89,23,66,100,93,93,68,0,43,81,76,80,112,89,23,66,100,93,122,95,46,89,119,98,66,96,43,115,66,125,89,71
29,39,5,45,64,55,56,54,42,44,44,34,42,32,42,42,52,52,62,62,71,40,46,30,30,44,20,36,10,42,8,18,18,28,28,38,38,48,64,65,54,54,61,44,60,34,66,32,42,42,52,52,62,62,71,83,84,73,78,67,68,79,58,73,56,97,66,107,76,104,86,94,57,50,36,50,70,54,34,46,51,36,28,26,46,30,10,22,70,60,52,50,70,54,34,46,89,67,87,105,96,78,58,70,46,40,57,63,58,49,66,24,57,50,50,37,43,0,38,33,37,69,60,66,24,57,51,88,66,89,48,76,55,34,53,26,72,50,91,89,29
52,62,33,45,37,27,47,27,59,37,69,47,65,65,75,75,85,85,95,95,105,18,8,28,8,42,18,50,28,48,46,56,56,66,66,76,76,86,37,27,35,27,49,37,57,47,55,65,75,75,85,85,95,95,105,69,46,66,46,65,56,77,66,71,84,95,94,105,104,115,114,124,35,53,69,83,103,87,67,35,20,34,58,64,84,68,48,16,39,41,65,83,103,87,67,35,58,65,85,103,123,106,86,54,55,38,45,61,36,54,100,57,19,28,21,35,81,38,0,11,15,40,42,100,57,19,32,59,64,119,76,38,33,67,18,60,37,67,56,87,52
61,51,28,34,35,22,45,38,48,48,60,58,54,65,75,75,85,85,95,95,104,7,19,17,3,31,13,39,23,37,41,51,51,61,61,71,71,81,34,38,24,38,38,28,46,38,44,56,64,66,74,76,84,86,94,65,57,60,57,54,67,66,77,60,80,84,90,94,100,104,110,114,24,48,68,83,103,87,67,46,18,23,47,59,79,63,43,11,37,30,54,72,92,78,58,30,56,54,74,92,112,102,82,65,44,27,34,50,25,47,99,57,30,17,17,24,76,33,11,0,4,36,31,91,48,30,21,55,53,114,72,49,22,67,20,49,39,56,58,76,61
57,47,32,30,39,26,49,42,44,52,56,62,50,69,74,79,84,89,94,99,104,3,23,13,7,27,17,35,27,33,45,53,55,63,65,73,75,83,30,42,20,34,34,24,42,34,40,52,60,62,70,72,80,82,90,61,61,56,61,50,66,62,76,56,76,80,86,90,96,100,106,110,28,44,64,82,102,91,71,50,14,19,43,61,81,67,47,15,33,26,50,68,88,74,54,26,52,50,70,88,108,98,78,68,40,23,30,46,29,43,103,61,34,21,13,20,80,37,15,4,0,32,27,87,44,34,17,51,49,110,68,53,26,66,16,45,35,52,54,72,57
70,60,64,54,48,51,58,58,57,68,69,75,63,83,87,93,97,103,107,113,117,29,32,39,39,51,49,61,59,57,77,79,87,89,97,99,107,109,10,13,20,20,34,30,42,40,40,58,60,68,70,78,80,88,90,29,32,39,48,51,49,61,59,57,77,79,87,89,97,99,107,109,39,57,77,95,115,105,85,66,20,45,69,87,107,99,79,47,1,26,50,68,88,80,60,28,20,45,69,87,107,99,79,51,53,47,30,47,38,56,118,75,59,46,19,46,112,69,40,36,32,0,27,93,50,21,23,19,46,112,69,40,41,79,22,71,3,52,22,71,70
43,33,55,27,46,53,36,56,30,58,42,48,36,56,60,66,70,76,80,86,90,30,50,30,34,24,40,36,50,30,64,54,74,64,84,74,94,84,17,40,7,27,7,17,15,27,13,43,33,53,43,63,53,73,63,40,59,30,50,24,40,36,50,30,68,54,78,64,88,74,94,84,55,30,50,68,88,78,58,60,41,24,44,62,82,86,66,42,28,1,23,41,61,65,45,19,47,24,44,62,82,90,70,42,26,20,3,20,56,29,91,48,61,48,40,23,89,60,42,31,27,27,0,68,37,35,10,46,23,89,60,54,53,52,43,46,30,25,49,46,43
94,99,71,85,112,113,102,119,96,109,99,99,102,81,81,71,71,61,61,51,51,90,108,96,94,88,86,76,76,82,58,58,48,48,38,38,28,28,83,89,73,73,65,63,53,53,59,35,35,25,25,15,15,5,5,106,108,96,96,88,86,76,76,82,58,58,48,48,38,38,28,28,115,96,91,73,53,59,79,111,101,90,68,50,30,36,56,88,94,69,45,27,7,13,33,65,113,90,68,50,30,36,56,88,92,86,69,86,116,95,46,89,119,108,100,89,23,66,100,91,87,93,68,0,43,81,70,112,89,23,66,100,113,89,103,66,96,43,115,66,94
53,63,29,64,83,70,73,78,66,68,68,58,66,56,66,66,76,76,86,86,94,47,65,54,51,61,44,60,34,66,32,42,42,52,52,62,62,71,40,46,30,30,44,20,36,10,42,8,18,18,28,28,38,38,48,64,65,54,54,61,44,73,34,67,32,91,42,91,52,81,62,71,72,67,60,74,94,78,58,70,58,60,52,50,70,54,34,46,51,36,28,26,46,30,10,22,70,60,81,93,73,54,34,46,63,57,40,57,73,66,89,48,76,65,57,60,66,24,57,48,44,50,37,43,0,38,27,69,60,66,24,57,70,58,60,50,53,26,72,83,53
71,68,52,62,56,46,66,46,65,56,77,66,71,84,94,94,104,104,114,114,124,37,27,47,27,59,37,69,47,65,65,75,75,85,85,95,95,105,18,8,28,8,42,18,50,28,48,46,56,56,66,66,76,76,86,50,27,47,27,59,37,69,47,65,65,87,75,97,85,107,95,105,54,65,85,102,122,106,86,54,39,53,77,83,103,87,67,35,20,34,58,64,84,68,48,16,39,53,77,95,107,87,67,35,61,55,38,55,55,64,119,76,38,47,40,54,100,57,19,30,34,21,35,81,38,0,25,40,54,100,57,19,52,86,37,79,18,60,37,79,71
53,43,49,37,56,43,46,59,40,68,52,58,46,66,70,76,80,86,90,96,100,20,40,30,24,34,34,46,44,40,59,64,69,74,79,84,89,94,13,33,3,17,17,7,25,17,23,35,43,45,53,55,63,65,73,50,52,40,52,34,50,46,60,40,59,64,69,74,79,84,89,94,45,40,60,78,98,88,68,67,31,34,54,72,92,81,61,32,24,9,33,51,71,57,37,9,43,34,54,72,92,81,61,52,36,30,13,30,46,39,101,58,51,38,30,33,93,51,32,21,17,23,10,70,27,25,0,42,33,93,51,44,43,62,33,56,26,35,45,56,53
76,66,83,60,67,70,69,77,63,87,75,81,69,89,93,99,103,109,113,119,123,48,51,58,58,57,68,69,78,63,96,87,106,97,116,107,126,117,29,32,39,39,51,49,61,59,57,77,79,87,89,97,99,107,109,10,13,20,29,34,30,42,40,40,58,60,68,70,78,80,88,90,58,63,83,101,121,111,91,85,39,57,77,95,115,118,98,66,20,45,69,87,107,99,79,47,1,26,50,68,88,80,60,32,59,53,47,30,57,62,124,81,78,65,38,56,122,88,59,55,51,19,46,112,69,40,42,0,27,93,50,21,60,85,41,79,22,71,3,52,76
49,39,61,33,52,75,42,62,36,64,48,54,42,62,66,72,76,82,86,92,96,46,69,36,56,30,46,42,56,36,70,60,80,70,90,80,100,90,40,59,30,50,24,40,36,50,30,64,54,74,64,84,74,94,84,17,40,7,27,7,17,15,27,13,45,33,55,43,65,53,73,63,63,36,56,74,94,84,64,66,57,30,50,68,88,92,72,48,47,24,44,62,82,86,66,42,28,1,23,41,61,67,47,19,32,26,20,3,62,35,97,54,70,70,56,29,95,66,64,53,49,46,23,89,60,54,33,27,0,68,37,35,65,58,59,52,49,46,30,25,49
115,105,94,99,118,136,108,128,102,130,114,120,108,104,104,94,94,84,84,74,74,112,127,102,117,96,109,99,99,102,81,81,71,71,61,61,51,51,106,108,96,96,88,86,76,76,82,58,58,48,48,38,38,28,28,83,89,73,73,65,63,53,53,59,35,35,25,25,15,15,5,5,129,102,114,96,76,82,102,132,123,96,91,73,53,59,79,111,113,90,68,50,30,36,56,88,94,69,45,27,7,13,33,65,98,92,86,69,128,101,69,112,136,131,122,95,46,89,119,114,110,112,89,23,66,100,93,93,68,0,43,81,131,112,125,89,115,66,96,43,115
77,76,53,70,89,94,79,99,73,92,85,82,79,80,90,90,100,100,110,110,117,71,84,73,75,67,68,79,58,73,56,66,66,76,76,86,86,94,64,65,54,54,61,44,60,34,66,32,42,42,52,52,62,62,71,40,46,30,30,44,20,52,10,50,8,70,18,68,28,58,38,48,96,73,84,98,118,102,82,94,82,67,76,74,94,78,58,70,70,60,52,50,70,54,34,46,51,36,60,70,50,30,10,22,69,63,57,40,97,72,112,72,95,89,81,66,89,48,76,72,68,69,60,66,24,57,51,50,37,43,0,38,94,82,84,74,72,50,53,62,77
84,74,71,68,75,65,77,65,71,75,83,85,77,97,101,107,111,117,121,127,131,56,46,66,46,65,56,77,66,71,84,94,94,104,104,114,114,124,37,27,47,27,59,37,69,47,65,65,75,75,85,85,95,95,105,31,8,28,8,42,18,50,28,48,46,68,56,78,66,88,76,86,73,71,91,109,129,119,99,73,58,65,85,102,122,106,86,54,39,53,77,83,103,87,67,35,20,34,58,76,88,68,48,16,67,61,55,38,74,70,132,89,57,66,59,64,119,76,38,49,53,40,54,100,57,19,44,21,35,81,38,0,71,93,56,87,37,79,18,60,84
48,40,50,56,13,10,23,23,37,33,45,43,43,61,63,71,73,81,83,91,93,29,35,39,25,53,35,61,45,59,63,73,73,83,83,93,93,103,51,54,46,60,60,50,68,60,66,78,86,88,96,98,106,108,116,70,73,72,79,66,82,78,92,72,102,96,112,106,122,116,132,126,2,29,53,71,91,83,63,31,23,45,69,81,101,85,65,33,42,52,76,94,114,100,80,52,61,66,86,104,124,124,104,84,33,49,56,62,3,30,96,53,18,5,22,46,98,55,33,22,26,41,53,113,70,52,43,60,65,131,94,71,0,55,25,71,44,78,63,88,48
15,19,39,50,42,56,32,40,22,30,10,20,16,18,8,28,18,38,28,48,38,63,75,53,64,47,54,59,44,53,42,52,52,62,62,72,71,71,69,92,59,79,53,69,65,68,59,66,76,76,86,86,96,94,94,75,98,65,85,59,75,71,85,65,90,89,100,99,110,109,117,117,53,26,2,16,36,40,20,32,72,47,62,60,73,64,44,56,80,53,73,84,96,88,68,71,86,59,79,97,117,112,92,77,26,43,49,55,52,25,43,10,48,60,71,46,66,34,67,67,66,79,52,89,58,86,62,85,58,112,82,93,55,0,74,60,82,75,88,81,15
67,57,48,40,32,35,42,42,54,52,64,62,60,80,82,90,92,100,102,110,112,13,10,23,23,37,33,45,43,43,61,63,71,73,81,83,91,93,32,35,36,42,50,40,58,50,56,68,76,78,86,88,96,98,106,51,54,61,64,60,71,72,81,66,92,90,102,100,112,110,122,120,23,48,72,90,110,102,82,50,2,29,53,71,91,83,63,31,23,42,66,84,104,90,70,42,42,60,80,98,118,114,94,72,50,33,46,56,22,49,115,72,37,30,3,30,96,53,18,20,16,22,43,103,60,37,33,41,59,125,84,56,25,74,0,55,25,68,44,82,67
55,50,31,19,63,71,53,73,47,70,59,60,53,58,68,68,78,78,81,71,71,42,65,32,52,22,42,10,36,16,18,8,28,18,38,28,48,38,63,84,53,73,47,63,59,60,53,58,68,68,78,78,81,71,71,69,92,59,79,53,69,65,79,59,82,83,92,93,102,103,94,94,72,47,62,76,73,79,60,72,53,26,2,16,36,40,20,44,72,47,67,76,73,79,60,65,80,53,73,91,96,102,84,71,43,26,43,49,71,46,66,50,79,66,52,25,43,26,60,49,45,71,46,66,50,79,56,79,52,89,74,87,71,60,55,0,74,69,82,75,55
73,63,67,57,51,54,61,61,60,71,72,78,66,86,90,96,100,106,110,116,120,32,35,42,42,54,52,64,62,60,80,82,90,92,100,102,110,112,13,10,23,23,37,33,45,43,43,61,63,71,73,81,83,91,93,32,35,42,45,54,52,64,62,60,80,82,90,92,100,102,110,112,42,60,80,98,118,108,88,69,23,48,72,90,110,102,82,50,2,29,53,71,91,83,63,31,23,48,72,90,110,102,82,53,56,50,33,50,41,59,121,78,56,49,22,49,115,72,37,39,35,3,30,96,53,18,26,22,49,115,72,37,44,82,25,74,0,55,25,74,73
66,56,55,50,69,78,59,79,53,81,65,71,59,79,83,89,93,99,103,94,94,55,75,53,59,47,63,59,60,53,58,68,68,78,78,81,71,71,42,65,32,52,22,42,10,36,16,18,8,28,18,38,28,48,38,63,84,53,73,47,63,59,60,53,58,77,68,87,78,81,71,71,80,53,73,91,96,101,81,83,66,47,67,76,73,79,60,65,53,26,2,16,36,40,20,44,72,47,67,85,73,79,60,65,49,43,26,43,79,52,89,71,86,73,65,46,66,50,67,56,52,52,25,43,26,60,35,71,46,66,50,79,78,75,68,69,55,0,74,69,66
79,69,86,63,70,73,72,80,66,90,78,84,72,92,96,102,106,112,116,122,126,51,54,61,61,60,71,72,81,66,99,90,109,100,119,110,129,120,32,35,42,42,54,52,64,62,60,80,82,90,92,100,102,110,112,13,10,23,26,37,33,45,43,43,61,63,71,73,81,83,91,93,61,66,86,104,124,114,94,88,42,60,80,98,118,121,101,69,23,48,72,90,110,102,82,50,2,29,53,71,91,83,63,34,62,56,50,33,60,65,127,84,75,68,41,59,125,91,56,58,54,22,49,115,72,37,45,3,30,96,53,18,63,88,44,82,25,74,0,55,79
72,62,84,56,75,98,65,85,59,87,71,77,65,85,89,95,99,105,109,115,117,69,92,59,79,53,69,65,79,59,93,83,103,93,104,103,94,94,63,84,53,73,47,63,59,73,53,87,77,91,87,81,81,71,71,42,65,32,52,22,42,10,52,16,70,8,68,18,58,28,48,38,86,59,79,97,117,107,87,89,80,53,73,91,96,102,95,71,72,47,67,85,73,79,89,65,53,26,2,16,36,56,72,44,55,49,43,26,85,58,112,77,93,93,79,52,89,89,87,76,72,71,46,66,83,79,56,52,25,43,62,60,88,81,82,75,74,69,55,0,72
9999999,10,34,41,35,41,27,25,13,15,19,5,13,13,23,23,33,33,43,43,53,54,60,44,59,38,49,50,39,44,37,47,47,57,57,67,67,76,60,79,50,70,44,60,56,63,50,61,71,71,81,81,91,91,99,66,89,56,76,50,66,62,76,56,85,80,95,90,105,100,115,110,46,21,17,31,51,35,15,17,65,38,57,55,75,59,39,51,71,44,64,79,99,83,63,62,77,50,70,88,108,107,87,68,17,34,40,46,45,20,48,5,33,46,64,37,71,29,52,61,57,70,43,94,53,71,53,76,49,115,77,84,48,15,67,55,73,66,79,72,0
